{
  "mode": "live",
  "starting_balance": 28.323974,
  "ending_balance": 0.0,
  "total_profit": -28.323974,
  "total_trades": 1,
  "roi_pct": -100.0,
  "runtime_minutes": 0.9978837331136068,
  "trades": [
    {
      "timestamp": 1766118025.858277,
      "mode": "LIVE",
      "pair": "RAY/USDC",
      "amount": 28.323974,
      "spread_pct": 0.911819021237306,
      "net_profit": -28.323974,
      "signature": "B:nMzx S:Tu9i",
      "balance_after": 0.0
    }
  ]
}