{
  "mode": "live",
  "starting_balance": 19.379856,
  "ending_balance": 0.0,
  "total_profit": 0.22812082833645264,
  "total_trades": 2,
  "roi_pct": -100.0,
  "runtime_minutes": 1.2564136465390523,
  "trades": [
    {
      "timestamp": 1766116081.6722536,
      "mode": "LIVE",
      "pair": "WIF/USDC",
      "amount": 19.379856,
      "spread_pct": 0.7885514018691694,
      "net_profit": 0.11406041416822632,
      "signature": "5cAGjGe7zQX3CtzFuFeH7GcjkusJ1sEWdmhv2zDkVfPKYMYtb5qQ2RqZ3bXEwSywFeokQd3uiMpUZciJjGKiWUAa",
      "balance_after": 19.379856
    },
    {
      "timestamp": 1766116099.6414235,
      "mode": "LIVE",
      "pair": "WIF/USDC",
      "amount": 19.379856,
      "spread_pct": 0.7885514018691694,
      "net_profit": 0.11406041416822632,
      "signature": "xqD7xgKysFbrF81ysYJtJo9f8H157FqD1o887N6u1rPfgka5yfGCzsQ6bmmxRPnSnVousFBMKUimCBfPj7fJxzZ",
      "balance_after": 19.379856
    }
  ]
}