{
  "mode": "live",
  "starting_balance": 20.380006,
  "ending_balance": 19.379856,
  "total_profit": 0.0,
  "total_trades": 0,
  "roi_pct": -4.9075059153564595,
  "runtime_minutes": 0.2752695401509603,
  "trades": []
}