{
  "mode": "live",
  "starting_balance": 29.8046,
  "ending_balance": 29.667854,
  "total_profit": 0.0958930608695673,
  "total_trades": 1,
  "roi_pct": -0.45880837186206913,
  "runtime_minutes": 1.2609073877334596,
  "trades": [
    {
      "timestamp": 1766117178.0034704,
      "mode": "LIVE",
      "pair": "WIF/USDC",
      "amount": 29.8046,
      "spread_pct": 0.5217391304347896,
      "net_profit": 0.0958930608695673,
      "signature": "B:fydW S:qAaf",
      "balance_after": 29.8046
    }
  ]
}