{
  "mode": "live",
  "starting_balance": 30.299334,
  "ending_balance": 0.0,
  "total_profit": 0.2530434457288078,
  "total_trades": 3,
  "roi_pct": -100.0,
  "runtime_minutes": 2.0126603682835897,
  "trades": [
    {
      "timestamp": 1766117033.6562035,
      "mode": "LIVE",
      "pair": "WIF/USDC",
      "amount": 30.299334,
      "spread_pct": 0.3762662807525394,
      "net_profit": 0.05340750913458962,
      "signature": "B:2tiL S:SCNn",
      "balance_after": 30.299334
    },
    {
      "timestamp": 1766117070.9236999,
      "mode": "LIVE",
      "pair": "BONK/USDC",
      "amount": 30.123563,
      "spread_pct": 0.571936959837321,
      "net_profit": 0.11204066441688008,
      "signature": "B:wZy9 S:8jw6",
      "balance_after": 30.123563
    },
    {
      "timestamp": 1766117110.7733288,
      "mode": "LIVE",
      "pair": "WIF/USDC",
      "amount": 29.935758,
      "spread_pct": 0.49261083743841766,
      "net_profit": 0.0875952721773381,
      "signature": "B:EUpL S:mvL6",
      "balance_after": 29.935758
    }
  ]
}