{
  "mode": "paper",
  "starting_balance": 5.0,
  "ending_balance": 5.010218052068192,
  "total_profit": 0.010218052068191246,
  "total_trades": 4,
  "roi_pct": 0.20436104136383193,
  "runtime_minutes": 1.1646143436431884,
  "trades": [
    {
      "timestamp": 1766112171.0029345,
      "mode": "PAPER",
      "pair": "BONK/USDC",
      "amount": 5.0,
      "spread_pct": 0.22465970662085383,
      "net_profit": 0.0012329853310426905,
      "signature": "PAPER_1766112171",
      "balance_after": 5.001232985331042
    },
    {
      "timestamp": 1766112188.361232,
      "mode": "PAPER",
      "pair": "BONK/USDC",
      "amount": 5.0,
      "spread_pct": 0.22465970662085383,
      "net_profit": 0.0012329853310426905,
      "signature": "PAPER_1766112188",
      "balance_after": 5.002465970662085
    },
    {
      "timestamp": 1766112206.2820585,
      "mode": "PAPER",
      "pair": "BONK/USDC",
      "amount": 5.0,
      "spread_pct": 0.27752081406105866,
      "net_profit": 0.0038760407030529326,
      "signature": "PAPER_1766112206",
      "balance_after": 5.006342011365138
    },
    {
      "timestamp": 1766112223.672333,
      "mode": "PAPER",
      "pair": "BONK/USDC",
      "amount": 5.0,
      "spread_pct": 0.27752081406105866,
      "net_profit": 0.0038760407030529326,
      "signature": "PAPER_1766112223",
      "balance_after": 5.010218052068192
    }
  ]
}