{"last_beat": 1768060729.602327, "next_beat": 1768060789.602327, "mode": "\ud83d\uded1 LIVE TRADING | WAITLIST", "leverage": 2.0}