{"last_beat": 1768076484.877662, "next_beat": 1768076544.877662, "mode": "\ud83d\udd35 SIMULATION", "leverage": 1.0}