{"last_beat": 1768076963.954577, "next_beat": 1768077023.954577, "mode": "\ud83d\udd35 SIMULATION | WAITLIST", "leverage": 1.0}