{"last_beat": 1768061327.086151, "next_beat": 1768061387.086151, "mode": "\ud83d\uded1 LIVE TRADING | WAITLIST", "leverage": 2.0}