{"last_beat": 1768077368.842728, "next_beat": 1768077428.842728, "mode": "\ud83d\uded1 LIVE TRADING | ACTIVE", "leverage": 2.0}