{"last_beat": 1768078252.370839, "next_beat": 1768078312.370839, "mode": "\ud83d\uded1 LIVE TRADING | WAITLIST", "leverage": 2.0}