{"last_beat": 1768077826.493637, "next_beat": 1768077886.493637, "mode": "\ud83d\uded1 LIVE TRADING | WAITLIST", "leverage": 2.0}