{"last_beat": 1768077584.098497, "next_beat": 1768077644.098497, "mode": "\ud83d\uded1 LIVE TRADING | WAITLIST", "leverage": 2.0}